{"cameraMode":{"drawMode":0,"name":"Shaded","section":"Shading Mode"},"sceneLighting":true,"audioPlay":false,"sceneViewState":{"showFog":true,"showMaterialUpdate":false,"showSkybox":true,"showFlares":true,"showImageEffects":true,"showParticleSystems":true},"in2DMode":false,"pivot":{"x":1.7637112140655518,"y":0.45292234420776369,"z":4.341033458709717},"rotation":{"x":-0.17839744687080384,"y":0.6055038571357727,"z":-0.14165045320987702,"w":-0.7625570893287659},"size":3.2660250663757326,"orthographic":false}