{"cameraMode":{"drawMode":0,"name":"Shaded","section":"Shading Mode"},"sceneLighting":true,"audioPlay":false,"sceneViewState":{"showFog":true,"showMaterialUpdate":false,"showSkybox":true,"showFlares":true,"showImageEffects":true,"showParticleSystems":true},"in2DMode":false,"pivot":{"x":-0.7361640930175781,"y":0.8136215209960938,"z":-4.2107319831848148},"rotation":{"x":0.00627272529527545,"y":0.9681853652000427,"z":0.024394337087869645,"w":-0.24897125363349915},"size":6.108762741088867,"orthographic":false}