{"cameraMode":{"drawMode":0,"name":"Shaded","section":"Shading Mode"},"sceneLighting":true,"audioPlay":false,"sceneViewState":{"showFog":true,"showMaterialUpdate":false,"showSkybox":true,"showFlares":true,"showImageEffects":true,"showParticleSystems":true,"showVisualEffectGraphs":true,"m_FxEnabled":true},"in2DMode":false,"pivot":{"x":18.55082130432129,"y":0.45085152983665469,"z":0.2596583366394043},"rotation":{"x":-0.5611776113510132,"y":-0.0032314974814653398,"z":0.002188334707170725,"w":-0.8276917338371277},"size":23.384700775146486,"orthographic":false}